-61,38962173;-254,550415;-369,5824585;;61,38962173;254,550415
-61,86092758;-254,3179474;-369,0262756;;61,86092758;254,3179474
-62,47629166;-254,1187744;-368,1349182;;62,47629166;254,1187744
-62,83721161;-254,0321198;-367,7140198;;62,83721161;254,0321198
-63,59762573;-253,7746582;-366,7207642;;63,59762573;253,7746582
-63,60522461;-253,7737427;-366,7142029;;63,60522461;253,7737427
-63,80870056;-253,7490845;-366,538208;;63,80870056;253,7490845
-64,257164;-253,6309052;-366,1659546;;64,257164;253,6309052
-64,40821838;-253,615799;-366,0731201;;64,40821838;253,615799
-64,40919495;-253,6157684;-366,0722961;;64,40919495;253,6157684
-64,65215302;-253,6087952;-365,8679199;;64,65215302;253,6087952
-65,47306824;-253,6323853;-365,0272827;;65,47306824;253,6323853
-66,02978516;-253,4934845;-364,3899536;;66,02978516;253,4934845
-66,80884552;-253,3292236;-363,1107788;;66,80884552;253,3292236
-67,22045135;-253,0252686;-362,4203796;;67,22045135;253,0252686
-67,79605865;-252,6174469;-361,1175232;;67,79605865;252,6174469
-67,93836975;-252,5511475;-360,8862;;67,93836975;252,5511475
-68,17675018;-252,3885193;-360,4906921;;68,17675018;252,3885193
-68,177948;-252,3876801;-360,4881592;;68,177948;252,3876801
-68,47595215;-252,1785889;-359,8540344;;68,47595215;252,1785889
-69,28318024;-251,5831451;-357,4354858;;69,28318024;251,5831451
-69,68268585;-251,2828979;-356,1046448;;69,68268585;251,2828979
-69,81616974;-251,1767578;-355,3375549;;69,81616974;251,1767578
-69,9243927;-251,1592865;-355,0172729;;69,9243927;251,1592865
-70,33483124;-251,1520081;-353,4136963;;70,33483124;251,1520081
-70,49260712;-250,9809265;-352,7422485;;70,49260712;250,9809265
-70,7453537;-250,5261688;-350,4717102;;70,7453537;250,5261688
-70,70849609;-250,3509521;-348,5913696;;70,70849609;250,3509521
-70,63937378;-250,3657837;-347,8256531;;70,63937378;250,3657837
-70,11894989;-249,7696686;-343,858429;;70,11894989;249,7696686
-70,10290527;-249,8052673;-342,5302124;;70,10290527;249,8052673
-69,80286407;-249,9303284;-340,4799805;;69,80286407;249,9303284
-72,73638153;-251,3780823;-333,6619873;;72,73638153;251,3780823
-74,03742981;-252,8695068;-330,5039673;;74,03742981;252,8695068
-74,79127502;-253,4838104;-328,5255432;;74,79127502;253,4838104
-75,81690216;-253,8445587;-325,8035889;;75,81690216;253,8445587
-75,85413361;-253,8608246;-325,6743164;;75,85413361;253,8608246
-75,71608734;-253,6817627;-322,2570496;;75,71608734;253,6817627
-76,54037476;-253,0298309;-317,0278015;;76,54037476;253,0298309
-77,30438232;-251,7654724;-310,7683105;;77,30438232;251,7654724
-77,36302948;-251,466629;-309,738739;;77,36302948;251,466629
-77,28948212;-251,2088318;-308,6055603;;77,28948212;251,2088318
-77,24484253;-250,6616211;-305,5970764;;77,24484253;250,6616211
-77,24501038;-250,6566315;-305,5447083;;77,24501038;250,6566315
-77,09674835;-250,4533539;-302,4372864;;77,09674835;250,4533539
-77,11508942;-250,4667206;-301,9824219;;77,11508942;250,4667206
-77,06260681;-250,6001587;-300,5717773;;77,06260681;250,6001587
-77,08409119;-250,4717712;-297,5382996;;77,08409119;250,4717712
-77,16146088;-250,4718018;-296,2275696;;77,16146088;250,4718018
-77,16410065;-250,4664764;-295,6813354;;77,16410065;250,4664764
-77,16757202;-250,4661713;-295,6144714;;77,16757202;250,4661713
-77,20949554;-250,416626;-294,9298706;;77,20949554;250,416626
-77,62483978;-249,7234802;-290,9176941;;77,62483978;249,7234802
-77,62783813;-249,6414948;-290,6415405;;77,62783813;249,6414948
-77,54481506;-249,2929077;-289,6690063;;77,54481506;249,2929077
-77,53177643;-249,1766205;-289,4270935;;77,53177643;249,1766205
-78,77249908;-247,3925323;-283,7246094;;78,77249908;247,3925323
-79,38015747;-246,4204102;-281,9270935;;79,38015747;246,4204102
-79,82603455;-246,1982422;-281,0321045;;79,82603455;246,1982422
-79,90361023;-246,1755524;-280,8980713;;79,90361023;246,1755524
-83,07331085;-244,4797821;-275,4536438;;83,07331085;244,4797821
-88,63489532;-242,3151245;-268,692627;;88,63489532;242,3151245
-91,50930786;-241,6168671;-263,1910706;;91,50930786;241,6168671
-92,37958527;-241,3611145;-261,4967346;;92,37958527;241,3611145
-93,29408264;-241,0929718;-258,9518433;;93,29408264;241,0929718
-95,06388092;-240,705368;-253,4155579;;95,06388092;240,705368
-95,17350006;-241,4418335;-245,6775818;;95,17350006;241,4418335
-95,19425201;-241,6620941;-244,8100586;;95,19425201;241,6620941
-95,16065216;-241,8297424;-244,0865173;;95,16065216;241,8297424
-95,13406372;-242,2436371;-242,0518036;;95,13406372;242,2436371
-95,14750671;-242,2799988;-241,7239685;;95,14750671;242,2799988
-95,05754852;-243,9147339;-237,3723755;;95,05754852;243,9147339
-94,56954956;-244,8844604;-234,3040314;;94,56954956;244,8844604
-94,13856506;-245,5122528;-229,236969;;94,13856506;245,5122528
-93,59859467;-246,4149475;-225,7481384;;93,59859467;246,4149475
-93,51451111;-248,3064575;-222,2055817;;93,51451111;248,3064575
-93,14325714;-250,7394104;-216,1567993;;93,14325714;250,7394104
-93,05940247;-250,8953857;-215,8195343;;93,05940247;250,8953857
-93,05633545;-250,9099884;-215,7840729;;93,05633545;250,9099884
-93,05706024;-250,9272766;-215,7266846;;93,05706024;250,9272766
-92,49465942;-252,3609467;-205,8861237;;92,49465942;252,3609467
-91,54438019;-255,2598419;-198,6991425;;91,54438019;255,2598419
-91,33449554;-256,0090637;-196,4860229;;91,33449554;256,0090637
-91,13600922;-256,8737793;-195,3345184;;91,13600922;256,8737793
-90,9076767;-257,8749695;-193,9308472;;90,9076767;257,8749695
-90,81397247;-258,1692505;-193,6072235;;90,81397247;258,1692505
-90,82327271;-258,2610168;-193,5169525;;90,82327271;258,2610168
-90,32191467;-260,6483765;-190,9901886;;90,32191467;260,6483765
-90,1137619;-261,4968262;-189,9187317;;90,1137619;261,4968262
-90,03492737;-261,9183044;-189,4262238;;90,03492737;261,9183044
-90,0344696;-261,9206848;-189,4229736;;90,0344696;261,9206848
-89,9213028;-262,513916;-188,6125488;;89,9213028;262,513916
-89,92024231;-262,5194092;-188,6042328;;89,92024231;262,5194092
-89,8327713;-262,9711304;-187,9193878;;89,8327713;262,9711304
-89,40400696;-264,8304749;-185,0928192;;89,40400696;264,8304749
-89,40370941;-264,8321533;-185,089325;;89,40370941;264,8321533
-89,3287735;-265,2531433;-184,2195282;;89,3287735;265,2531433
-89,21679688;-266,2619019;-182,2779999;;89,21679688;266,2619019
-88,81712341;-266,9204407;-180,2983398;;88,81712341;266,9204407
-88,53468323;-267,2216797;-179,470047;;88,53468323;267,2216797
-88,52449036;-267,2268372;-179,4541168;;88,52449036;267,2268372
-87,42037964;-268,4464722;-176,6417847;;87,42037964;268,4464722
-87,05220795;-268,8029175;-175,9326324;;87,05220795;268,8029175
-86,42212677;-269,7936707;-174,7871246;;86,42212677;269,7936707
-85,94832611;-270,5572205;-173,3127441;;85,94832611;270,5572205
-85,8524704;-270,6757507;-173,0972137;;85,8524704;270,6757507
-85,10806274;-271,6604614;-171,0141449;;85,10806274;271,6604614
-84,83438873;-272,4983826;-169,2251434;;84,83438873;272,4983826
-83,61225891;-276,5178528;-161,0935822;;83,61225891;276,5178528
-83,24382782;-277,3540649;-159,4007416;;83,24382782;277,3540649
-83,11258698;-277,6758118;-158,9697418;;83,11258698;277,6758118
-82,48581696;-278,6548767;-157,6008606;;82,48581696;278,6548767
-81,91173553;-279,7858276;-156,6246643;;81,91173553;279,7858276
-80,99621582;-280,7618713;-155,7883148;;80,99621582;280,7618713
-80,93357086;-280,9377136;-155,710144;;80,93357086;280,9377136
-77,67474365;-291,6388855;-149,8900909;;77,67474365;291,6388855
-77,10145569;-293,0829163;-149,3905792;;77,10145569;293,0829163
-76,86283875;-294,2867432;-148,9186401;;76,86283875;294,2867432
-76,85646057;-294,3388977;-148,914062;;76,85646057;294,3388977
-74,27194214;-300,172821;-148,7594604;;74,27194214;300,172821
-74,04395294;-300,3919067;-148,7665253;;74,04395294;300,3919067
-71,20932007;-304,1924133;-149,4160309;;71,20932007;304,1924133
-68,13347626;-308,0310059;-150,7210999;;68,13347626;308,0310059
-67,81413269;-308,46698;-150,9799805;;67,81413269;308,46698
-66,55593872;-310,1338806;-152,0742493;;66,55593872;310,1338806
-64,42299652;-312,125824;-154,1508026;;64,42299652;312,125824
-61,88071823;-313,6703796;-157,4956055;;61,88071823;313,6703796
-61,79118729;-313,737915;-157,6481781;;61,79118729;313,737915
-58,30561447;-315,6445618;-163,0005798;;58,30561447;315,6445618
-57,98306656;-315,7886963;-163,4256287;;57,98306656;315,7886963
-56,89181137;-316,0488281;-165,0205994;;56,89181137;316,0488281
-56,39155579;-316,1769409;-165,9038849;;56,39155579;316,1769409
-55,82738113;-316,2661133;-166,8316956;;55,82738113;316,2661133
-55,82318878;-316,2661743;-166,8378448;;55,82318878;316,2661743
-54,7795372;-316,2799377;-168,3673401;;54,7795372;316,2799377
-54,11397171;-316,2890015;-169,1220398;;54,11397171;316,2890015
-53,31671143;-316,1407471;-170,0918121;;53,31671143;316,1407471
-50,48797607;-316,5250244;-173,4149017;;50,48797607;316,5250244
-50,40947342;-316,5426025;-173,5035553;;50,40947342;316,5426025
-48,45231628;-316,5648193;-175,5401001;;48,45231628;316,5648193
-48,05948257;-316,642395;-176,0350037;;48,05948257;316,642395
-47,96797562;-316,6492615;-176,1356812;;47,96797562;316,6492615
-44,67049026;-317,8962402;-180,0119019;;44,67049026;317,8962402
-42,68205261;-318,7087097;-182,1822357;;42,68205261;318,7087097
-41,08354187;-319,1086426;-184,1686554;;41,08354187;319,1086426
-39,72732162;-319,3427429;-186,5374298;;39,72732162;319,3427429
-39,47394562;-319,433136;-187,010437;;39,47394562;319,433136
-37,08562851;-319,5586243;-192,5076752;;37,08562851;319,5586243
-37,07441711;-319,554718;-192,5317993;;37,07441711;319,554718
-36,65117645;-319,4511719;-193,1838074;;36,65117645;319,4511719
-36,64982605;-319,4510193;-193,1859589;;36,64982605;319,4510193
-36,48231506;-319,4306335;-193,4529114;;36,48231506;319,4306335
-34,68978119;-318,8500671;-196,4318848;;34,68978119;318,8500671
-32,71798706;-318,4062195;-200,5104828;;32,71798706;318,4062195
-31,59056091;-318,0479431;-202,976181;;31,59056091;318,0479431
-31,23583794;-317,9868469;-203,6950684;;31,23583794;317,9868469
-29,48106575;-317,8239441;-206,2828674;;29,48106575;317,8239441
-29,42873383;-317,8201599;-206,3487701;;29,42873383;317,8201599
-28,34553146;-317,6912842;-207,9138794;;28,34553146;317,6912842
-27,9253273;-317,6659546;-208,3549042;;27,9253273;317,6659546
-23,52072906;-318,4684753;-212,5351105;;23,52072906;318,4684753
-23,37887573;-318,4819031;-212,6786499;;23,37887573;318,4819031
-19,48752594;-318,0428467;-215,5964508;;19,48752594;318,0428467
-16,30656815;-317,2679138;-216,259613;;16,30656815;317,2679138
-9,934362411;-317,6002502;-215,1278076;;9,934362411;317,6002502
-9,423977852;-317,6144104;-214,9388885;;9,423977852;317,6144104
3,681175232;-318,9641724;-211,5092163;;-3,681175232;318,9641724
6,98083353;-319,5942993;-209,3257294;;-6,98083353;319,5942993
10,742836;-321,3719788;-206,6264801;;-10,742836;321,3719788
11,07621002;-321,5371399;-206,0580597;;-11,07621002;321,5371399
11,97888947;-322,0690613;-203,8491211;;-11,97888947;322,0690613
12,62135601;-322,7988892;-201,2880249;;-12,62135601;322,7988892
13,4644146;-323,2522888;-198,6906586;;-13,4644146;323,2522888
13,78236294;-323,4776611;-197,006073;;-13,78236294;323,4776611
13,78240108;-323,4776917;-197,0058136;;-13,78240108;323,4776917
13,79180241;-323,4854126;-196,9416962;;-13,79180241;323,4854126
14,15978336;-323,953186;-194,9887848;;-14,15978336;323,953186
14,27911282;-324,2483215;-193,9629364;;-14,27911282;324,2483215
14,3323288;-324,6570129;-192,0552216;;-14,3323288;324,6570129
14,14514732;-325,1387329;-189,2285919;;-14,14514732;325,1387329
14,08871746;-325,2295837;-188,6370239;;-14,08871746;325,2295837
14,08668709;-325,2491455;-188,5232697;;-14,08668709;325,2491455
13,94302082;-325,5083923;-186,637146;;-13,94302082;325,5083923
14,73044682;-325,969574;-180,9616089;;-14,73044682;325,969574
15,36249924;-326,4337463;-176,287735;;-15,36249924;326,4337463
15,40589428;-326,4766846;-176,017807;;-15,40589428;326,4766846
15,42664719;-326,4855957;-175,8960114;;-15,42664719;326,4855957
15,48409462;-326,5714111;-174,9848022;;-15,48409462;326,5714111
15,46598148;-326,6418457;-174,3564911;;-15,46598148;326,6418457
15,52907467;-326,8665771;-172,2471161;;-15,52907467;326,8665771
15,80639935;-326,8118896;-170,1729279;;-15,80639935;326,8118896
16,25921631;-326,5108337;-167,7112579;;-16,25921631;326,5108337
16,25981903;-326,5102234;-167,7070923;;-16,25981903;326,5102234
16,33447838;-326,4364319;-167,1911469;;-16,33447838;326,4364319
16,54985428;-325,9342651;-165,8175049;;-16,54985428;325,9342651
17,4004879;-324,2702637;-162,9417267;;-17,4004879;324,2702637
21,79531097;-322,9981079;-158,4601135;;-21,79531097;322,9981079
21,79537582;-322,9981384;-158,4600067;;-21,79537582;322,9981384
21,81173325;-323,0021973;-158,4347687;;-21,81173325;323,0021973
31,00984001;-318,9215393;-151,4497833;;-31,00984001;318,9215393
33,71039963;-317,359314;-150,5233154;;-33,71039963;317,359314
39,62257767;-314,7166748;-150,7873688;;-39,62257767;314,7166748
39,70911407;-314,6900635;-150,7875519;;-39,70911407;314,6900635
47,53438568;-311,0101929;-154,6527557;;-47,53438568;311,0101929
49,92066193;-310,5516663;-156,0466461;;-49,92066193;310,5516663
52,6126976;-309,6779175;-157,7785797;;-52,6126976;309,6779175
53,89293671;-309,5660095;-158,8393555;;-53,89293671;309,5660095
57,12448502;-309,7106323;-162,6243286;;-57,12448502;309,7106323
57,83357239;-309,8048096;-163,741333;;-57,83357239;309,8048096
59,05376053;-309,6643372;-165,7828369;;-59,05376053;309,6643372
61,38685226;-309,9277649;-171,2832336;;-61,38685226;309,9277649
61,60072708;-309,8932495;-171,773437;;-61,60072708;309,8932495
61,90288544;-309,9290466;-172,596817;;-61,90288544;309,9290466
62,0880928;-309,9957886;-173,0009613;;-62,0880928;309,9957886
62,6012001;-310,4100647;-174,5271606;;-62,6012001;310,4100647
62,67441559;-310,4342041;-175,1330261;;-62,67441559;310,4342041
62,76052094;-310,5133972;-175,4928589;;-62,76052094;310,5133972
63,7742424;-311,19104;-180,4324341;;-63,7742424;311,19104
64,27519989;-311,2282715;-182,1842804;;-64,27519989;311,2282715
64,47691345;-311,3150635;-182,8090668;;-64,47691345;311,3150635
65,70253754;-311,2894287;-186,6743469;;-65,70253754;311,2894287
65,94985962;-311,1410217;-188,071991;;-65,94985962;311,1410217
65,95146942;-311,1409302;-188,0762024;;-65,95146942;311,1409302
66,35201263;-311,1185303;-189,1168823;;-66,35201263;311,1185303
66,70750427;-311,0092468;-189,9088593;;-66,70750427;311,0092468
67,14860535;-310,8056335;-190,7914734;;-67,14860535;310,8056335
68,03831482;-310,6581726;-193,4344177;;-68,03831482;310,6581726
68,66633606;-310,1277466;-195,789505;;-68,66633606;310,1277466
68,70635986;-310,1048889;-195,9450226;;-68,70635986;310,1048889
68,77282715;-310,0392761;-196,2298889;;-68,77282715;310,0392761
69,03917694;-309,8977661;-197,1533966;;-69,03917694;309,8977661
70,99455261;-309,3505249;-204,0290375;;-70,99455261;309,3505249
71,14167023;-309,229248;-204,7688141;;-71,14167023;309,229248
71,3796463;-309,1245728;-205,5693512;;-71,3796463;309,1245728
71,45992279;-309,1031494;-205,8166809;;-71,45992279;309,1031494
73,22031403;-307,5928955;-211,3783569;;-73,22031403;307,5928955
74,21993256;-306,8888245;-214,8094177;;-74,21993256;306,8888245
74,87966156;-306,4537048;-216,179184;;-74,87966156;306,4537048
74,87976074;-306,4534607;-216,1795959;;-74,87976074;306,4534607
74,89200592;-306,421936;-216,2312927;;-74,89200592;306,421936
76,64871979;-304,5724182;-220,7349701;;-76,64871979;304,5724182
76,73336029;-304,3979187;-221,3038635;;-76,73336029;304,3979187
76,90908813;-303,8280029;-222,6188049;;-76,90908813;303,8280029
79,0252533;-301,7912903;-228,273468;;-79,0252533;301,7912903
79,03872681;-301,7834778;-228,3003235;;-79,03872681;301,7834778
79,23049164;-301,6179199;-228,7100525;;-79,23049164;301,6179199
81,63721466;-299,2016602;-232,9244385;;-81,63721466;299,2016602
82,02207184;-298,6976624;-233,5979919;;-82,02207184;298,6976624
84,87350464;-296,0429382;-236,6343079;;-84,87350464;296,0429382
85,66451263;-295,2176819;-237,3157349;;-85,66451263;295,2176819
86,29047394;-294,6865234;-237,6174316;;-86,29047394;294,6865234
89,21651459;-287,6344604;-237,8889313;;-89,21651459;287,6344604
89,55041504;-285,6080933;-238,05513;;-89,55041504;285,6080933
97,20231628;-274,692627;-231,591095;;-97,20231628;274,692627
97,54811096;-273,3945007;-230,7819672;;-97,54811096;273,3945007
98,61907196;-270,9319458;-229,1246338;;-98,61907196;270,9319458
101,3303909;-268,3843994;-224,7375183;;-101,3303909;268,3843994
101,4179306;-268,0556335;-223,8541565;;-101,4179306;268,0556335
100,8701553;-266,8139038;-220,2697144;;-100,8701553;266,8139038
100,7481461;-266,9218445;-217,4941864;;-100,7481461;266,9218445
100,7046356;-266,980835;-217,0319824;;-100,7046356;266,980835
100,3958893;-267,0872192;-214,056015;;-100,3958893;267,0872192
100,1127701;-267,23349;-212,5028992;;-100,1127701;267,23349
100,1127701;-267,23349;-212,5028534;;-100,1127701;267,23349
100,1124802;-267,2344666;-212,4962311;;-100,1124802;267,2344666
99,61040497;-267,9234314;-208,2507477;;-99,61040497;267,9234314
99,16822052;-268,5104065;-206,4149323;;-99,16822052;268,5104065
99,0151062;-270,0081787;-203,361618;;-99,0151062;270,0081787
98,66356659;-271,448761;-200,6523895;;-98,66356659;271,448761
98,52684784;-271,942688;-199,644165;;-98,52684784;271,942688
98,52471924;-272,2589417;-199,1204681;;-98,52471924;272,2589417
98,55905914;-273,3042908;-196,1946716;;-98,55905914;273,3042908
98,85554504;-274,1347351;-193,8391113;;-98,85554504;274,1347351
99,14324951;-275,03479;-190,219696;;-99,14324951;275,03479
99,3070755;-275,4176331;-189,2020416;;-99,3070755;275,4176331
99,41252899;-275,7612305;-188,2085266;;-99,41252899;275,7612305
99,41387177;-275,7659912;-188,1807861;;-99,41387177;275,7659912
99,39725494;-275,8744202;-187,6206055;;-99,39725494;275,8744202
99,45909119;-276,0576782;-186,0730743;;-99,45909119;276,0576782
99,45090485;-276,0637207;-185,9422607;;-99,45090485;276,0637207
99,4488678;-276,1696472;-185,129303;;-99,4488678;276,1696472
100,4956207;-279,303833;-177,6264191;;-100,4956207;279,303833
100,8179092;-279,8849792;-175,1174011;;-100,8179092;279,8849792
101,009903;-280,1066284;-174,3118896;;-101,009903;280,1066284
100,8433762;-280,4035034;-172,8089752;;-100,8433762;280,4035034
99,39857483;-280,82901;-167,8920593;;-99,39857483;280,82901
97,52497864;-281,1116943;-164,0819397;;-97,52497864;281,1116943
96,50047302;-280,972168;-162,3444519;;-96,50047302;280,972168
94,12815094;-280,2128906;-159,98349;;-94,12815094;280,2128906
93,3779068;-279,9653625;-159,0264282;;-93,3779068;279,9653625
92,8993454;-279,6319275;-158,3588257;;-92,8993454;279,6319275
91,79121399;-279,0137329;-157,2684326;;-91,79121399;279,0137329
89,87002563;-278,2933044;-155,7372437;;-89,87002563;278,2933044
88,23778534;-277,5853271;-154,7767181;;-88,23778534;277,5853271
87,55479431;-277,0056458;-154,2664185;;-87,55479431;277,0056458
86,71551514;-276,5726013;-153,8248138;;-86,71551514;276,5726013
82,09928131;-273,3215637;-151,3403778;;-82,09928131;273,3215637
81,19106293;-272,6739197;-150,9985352;;-81,19106293;272,6739197
80,57299042;-272,2287598;-150,8269043;;-80,57299042;272,2287598
80,06123352;-271,614563;-150,6880493;;-80,06123352;271,614563
79,17466736;-270,5308228;-150,6194763;;-79,17466736;270,5308228
77,53755188;-268,2087402;-150,7250671;;-77,53755188;268,2087402
76,35421753;-266,2062378;-151,2141266;;-76,35421753;266,2062378
75,49217987;-264,3769531;-151,9009247;;-75,49217987;264,3769531
75,12374115;-263,6160278;-152,3096466;;-75,12374115;263,6160278
72,91819;-258,4588013;-156,8177338;;-72,91819;258,4588013
72,82550049;-257,6948242;-157,1950073;;-72,82550049;257,6948242
73,58721924;-251,4828796;-165,3777771;;-73,58721924;251,4828796
73,64904785;-251,3031158;-165,5618134;;-73,64904785;251,3031158
74,45813751;-249,7875366;-168,0337219;;-74,45813751;249,7875366
75,88532257;-248,1854095;-170,8715515;;-75,88532257;248,1854095
76,49114227;-247,8907318;-171,8920746;;-76,49114227;247,8907318
78,30633545;-245,7223969;-175,7518311;;-78,30633545;245,7223969
79,22858429;-244,0375519;-178,131485;;-79,22858429;244,0375519
79,29168701;-243,9459076;-178,2936859;;-79,29168701;243,9459076
80,79820251;-241,0743256;-181,7593689;;-80,79820251;241,0743256
80,89490509;-240,8916321;-181,9513092;;-80,89490509;240,8916321
82,15457153;-239,3595123;-184,5115662;;-82,15457153;239,3595123
83,11682892;-238,7926941;-186,1855164;;-83,11682892;238,7926941
86,06882477;-237,7835236;-188,8925018;;-86,06882477;237,7835236
88,26624298;-236,5498657;-191,2023315;;-88,26624298;236,5498657
88,5178833;-236,3636475;-191,4825439;;-88,5178833;236,3636475
92,67427826;-233,7836609;-195,6334076;;-92,67427826;233,7836609
93,40090179;-233,2109222;-196,2615356;;-93,40090179;233,2109222
93,83695984;-232,820755;-196,556488;;-93,83695984;232,820755
95,91344452;-230,6860657;-198,9373322;;-95,91344452;230,6860657
95,97481537;-230,6069794;-199,0028229;;-95,97481537;230,6069794
97,36434937;-229,3101044;-199,9324951;;-97,36434937;229,3101044
99,09752655;-227,8790131;-201,2388611;;-99,09752655;227,8790131
99,57696533;-227,6180115;-201,5453949;;-99,57696533;227,6180115
100,0676804;-227,475769;-201,9837494;;-100,0676804;227,475769
101,0285339;-227,1075287;-202,8070374;;-101,0285339;227,1075287
101,0931625;-227,0702362;-202,858139;;-101,0931625;227,0702362
104,2473297;-223,9919434;-206,2479858;;-104,2473297;223,9919434
104,2479248;-223,9915009;-206,2485962;;-104,2479248;223,9915009
104,3967133;-223,8819275;-206,3992767;;-104,3967133;223,8819275
104,6941528;-223,5967865;-206,7421112;;-104,6941528;223,5967865
106,3244476;-221,7847595;-208,7179108;;-106,3244476;221,7847595
107,2871552;-220,3979187;-210,5474854;;-107,2871552;220,3979187
109,0280914;-220,2314911;-218,9806671;;-109,0280914;220,2314911
109,492424;-220,1981964;-220,7362213;;-109,492424;220,1981964
109,4830246;-220,2866364;-221,1865234;;-109,4830246;220,2866364
109,0501633;-221,4430237;-225,0457153;;-109,0501633;221,4430237
109,0150299;-221,6033173;-225,5853271;;-109,0150299;221,6033173
108,588089;-222,7704315;-229,1225586;;-108,588089;222,7704315
108,3597565;-223,6854858;-231,0079498;;-108,3597565;223,6854858
108,3505554;-223,7049103;-231,0877533;;-108,3505554;223,7049103
108,2144699;-224,1069031;-232,7619934;;-108,2144699;224,1069031
108,3887024;-224,8054352;-235,0928345;;-108,3887024;224,8054352
108,3798065;-225,1630096;-235,8290253;;-108,3798065;225,1630096
108,3559189;-225,397644;-236,2506256;;-108,3559189;225,397644
108,1974869;-226,841156;-239,7054138;;-108,1974869;226,841156
108,1399994;-227,0918274;-240,2926025;;-108,1399994;227,0918274
108,1341248;-227,1199646;-240,3461456;;-108,1341248;227,1199646
108,1138992;-227,7739563;-241,6355438;;-108,1138992;227,7739563
108,1057434;-227,8769379;-241,8031616;;-108,1057434;227,8769379
107,74189;-229,1683197;-244,451416;;-107,74189;229,1683197
107,61866;-229,4210968;-245,0349579;;-107,61866;229,4210968
106,9305191;-229,9834747;-247,6587524;;-106,9305191;229,9834747
106,2569427;-230,2702179;-250,2124023;;-106,2569427;230,2702179
105,8453598;-230,7020416;-253,0500641;;-105,8453598;230,7020416
105,8282776;-230,7849579;-253,7337952;;-105,8282776;230,7849579
105,9157562;-231,6226654;-256,5115967;;-105,9157562;231,6226654
105,7530594;-232,3903656;-258,5850525;;-105,7530594;232,3903656
105,7716446;-233,1476135;-262,7403259;;-105,7716446;233,1476135
105,5954666;-233,338974;-265,1931458;;-105,5954666;233,338974
105,5631866;-233,3547363;-265,5184326;;-105,5631866;233,3547363
104,6944962;-233,3178253;-270,3435669;;-104,6944962;233,3178253
103,7108307;-232,6960297;-272,838562;;-103,7108307;232,6960297
103,5966339;-232,5714569;-273,2149658;;-103,5966339;232,5714569
101,1472168;-229,6835785;-277,3267212;;-101,1472168;229,6835785
98,10607147;-226,7316437;-279,3880615;;-98,10607147;226,7316437
96,55825806;-224,5289612;-280,6190796;;-96,55825806;224,5289612
96,37846375;-224,2298279;-280,7353516;;-96,37846375;224,2298279
95,06838226;-220,4343872;-281,6445312;;-95,06838226;220,4343872
94,79477692;-219,7324677;-281,677887;;-94,79477692;219,7324677
94,2183609;-217,1653595;-281,8363953;;-94,2183609;217,1653595
93,91563416;-214,4268494;-281,9498901;;-93,91563416;214,4268494
93,21852112;-210,6861877;-283,6233826;;-93,21852112;210,6861877
93,15283966;-210,5596924;-283,7038879;;-93,15283966;210,5596924
92,46619415;-208,8010254;-284,9801025;;-92,46619415;208,8010254
92,26352692;-208,1809082;-285,5021667;;-92,26352692;208,1809082
91,58560181;-205,4036865;-287,4642944;;-91,58560181;205,4036865
89,8817215;-202,776062;-293,6541138;;-89,8817215;202,776062
89,8520813;-202,6921539;-293,8625793;;-89,8520813;202,6921539
89,16313171;-200,9311371;-296,8112793;;-89,16313171;200,9311371
88,55063629;-200,2448578;-298,9217224;;-88,55063629;200,2448578
88,01241302;-199,6669617;-302,9219055;;-88,01241302;199,6669617
87,9449234;-199,7555389;-303,9289551;;-87,9449234;199,7555389
86,93384552;-200,8190155;-307,8164062;;-86,93384552;200,8190155
86,46608734;-202,8075714;-312,684845;;-86,46608734;202,8075714
86,47381592;-202,9790344;-313,1219177;;-86,47381592;202,9790344
86,48596191;-203,1261597;-313,3711548;;-86,48596191;203,1261597
86,27227783;-204,6230164;-315,1732483;;-86,27227783;204,6230164
85,91694641;-206,5936127;-316,982666;;-85,91694641;206,5936127
85,9776001;-206,9613953;-317,2678528;;-85,9776001;206,9613953
86,34326935;-209,2895355;-318,9278564;;-86,34326935;209,2895355
86,39579773;-210,3242493;-319,5663147;;-86,39579773;210,3242493
86,50882721;-211,1354523;-320,068512;;-86,50882721;211,1354523
86,49320221;-212,8507996;-321,3784485;;-86,49320221;212,8507996
86,60227966;-213,6815491;-322,0728455;;-86,60227966;213,6815491
86,61988831;-217,1334381;-325,2979431;;-86,61988831;217,1334381
86,59423065;-217,3133392;-325,4569397;;-86,59423065;217,3133392
86,44532776;-218,8936005;-327,9217529;;-86,44532776;218,8936005
85,68338776;-222,2125702;-331,6194153;;-85,68338776;222,2125702
85,56694031;-224,7826691;-333,4398804;;-85,56694031;224,7826691
85,6118927;-226,2989807;-334,4526062;;-85,6118927;226,2989807
85,32962799;-228,2063599;-335,5548401;;-85,32962799;228,2063599
86,15020752;-235,4747467;-336,9938965;;-86,15020752;235,4747467
86,2161026;-235,6907806;-337,0014038;;-86,2161026;235,6907806
86,19906616;-235,9009705;-337,082428;;-86,19906616;235,9009705
86,12366486;-237,079422;-337,2341309;;-86,12366486;237,079422
85,91571045;-239,0443726;-337,3610229;;-85,91571045;239,0443726
85,15722656;-241,783371;-337,0958557;;-85,15722656;241,783371
85,05699921;-242,1144714;-337,0536194;;-85,05699921;242,1144714
85,05181122;-242,1491547;-337,0218811;;-85,05181122;242,1491547
84,95524597;-247,6257172;-333,8172302;;-84,95524597;247,6257172
84,61429596;-248,5384979;-333,4957886;;-84,61429596;248,5384979
83,81143951;-251,1911774;-331,6499329;;-83,81143951;251,1911774
83,14148712;-252,8034973;-330,1175232;;-83,14148712;252,8034973
82,99513245;-253,3920288;-329,5444336;;-82,99513245;253,3920288
82,7233963;-254,2275848;-328,6300964;;-82,7233963;254,2275848
82,43630981;-254,8656616;-327,7106628;;-82,43630981;254,8656616
81,72402191;-256,1148682;-324,9126282;;-81,72402191;256,1148682
81,14383698;-256,8901062;-323,3925781;;-81,14383698;256,8901062
80,89733887;-257,1034851;-322,7234497;;-80,89733887;257,1034851
80,68986511;-257,3812561;-322,11203;;-80,68986511;257,3812561
78,90026093;-259,6530151;-319,3138123;;-78,90026093;259,6530151
78,34358215;-260,3950195;-318,5635376;;-78,34358215;260,3950195
77,36589813;-261,7600403;-317,3278809;;-77,36589813;261,7600403
77,30374146;-261,822937;-317,2740479;;-77,30374146;261,822937
76,28708649;-263,5191345;-316,1234131;;-76,28708649;263,5191345
76,14620209;-263,7203674;-316,0111694;;-76,14620209;263,7203674
74,43296051;-266,178833;-315,1863098;;-74,43296051;266,178833
72,32574463;-268,2655334;-314,8086243;;-72,32574463;268,2655334
71,49134064;-269,1545105;-314,6436768;;-71,49134064;269,1545105
70,76851654;-269,8894043;-314,6847839;;-70,76851654;269,8894043
69,93911743;-270,7567749;-314,8823547;;-69,93911743;270,7567749
69,89339447;-270,8064575;-314,8944702;;-69,89339447;270,8064575
67,32327271;-275,9096375;-316,0332031;;-67,32327271;275,9096375
67,21297455;-276,3326111;-316,2734985;;-67,21297455;276,3326111
65,88043976;-279,7776184;-318,2315674;;-65,88043976;279,7776184
65,6322937;-280,2007141;-318,5075073;;-65,6322937;280,2007141
62,73160934;-284,6394653;-326,3807983;;-62,73160934;284,6394653
62,70198441;-285,0650024;-329,2958984;;-62,70198441;285,0650024
61,72688675;-285,1145325;-332,9501343;;-61,72688675;285,1145325
61,40719986;-285,2719421;-335,3962708;;-61,40719986;285,2719421
61,37122345;-285,2545166;-335,5846252;;-61,37122345;285,2545166
61,1572876;-284,9152527;-338,9460449;;-61,1572876;284,9152527
61,10388947;-284,2429504;-341,6481018;;-61,10388947;284,2429504
61,08367538;-283,9628601;-342,3471985;;-61,08367538;283,9628601
61,07538986;-283,9423828;-342,4372559;;-61,07538986;283,9423828
61,06694412;-283,7521973;-342,959137;;-61,06694412;283,7521973
61,12725067;-283,311676;-344,0474243;;-61,12725067;283,311676
61,48733902;-282,2250061;-346,3674622;;-61,48733902;282,2250061
61,48690414;-281,6193542;-348,2187;;-61,48690414;281,6193542
61,47145462;-281,1430054;-349,4015198;;-61,47145462;281,1430054
61,5884285;-280,6334229;-350,6911316;;-61,5884285;280,6334229
61,58815765;-280,5786438;-350,7956543;;-61,58815765;280,5786438
61,54721069;-280,1278076;-351,5529785;;-61,54721069;280,1278076
61,53064346;-279,8510437;-351,8978271;;-61,53064346;279,8510437
61,39101028;-279,2244873;-352,5767212;;-61,39101028;279,2244873
61,25555801;-278,6764832;-353,3343201;;-61,25555801;278,6764832
61,11631012;-278,3086853;-353,9216919;;-61,11631012;278,3086853
60,37136459;-277,2513123;-356,8817749;;-60,37136459;277,2513123
60,33245468;-277,2430725;-357,0849304;;-60,33245468;277,2430725
59,91479874;-276,8684082;-359,6402283;;-59,91479874;276,8684082
59,91707993;-276,7850952;-359,8791504;;-59,91707993;276,7850952
59,63380432;-274,383606;-366,2033691;;-59,63380432;274,383606
59,21490097;-274,0322876;-367,2762146;;-59,21490097;274,0322876
58,73453522;-273,7575378;-368,6610718;;-58,73453522;273,7575378
58,68410492;-273,726593;-368,7756958;;-58,68410492;273,726593
57,87475967;-273,274292;-370,1990356;;-57,87475967;273,274292
57,48315811;-273,11026;-370,795166;;-57,48315811;273,11026
56,92336273;-272,8617554;-371,5415344;;-56,92336273;272,8617554
56,57402039;-272,723999;-371,941864;;-56,57402039;272,723999
55,22605133;-272,0542908;-373,9397888;;-55,22605133;272,0542908
52,9261322;-271,208252;-377,563324;;-52,9261322;271,208252
50,66677856;-270,62323;-379,7683411;;-50,66677856;270,62323
49,04408264;-270,2286987;-380,8799744;;-49,04408264;270,2286987
46,35986328;-269,8211975;-382,1032715;;-46,35986328;269,8211975
44,11288452;-269,2479858;-382,8027039;;-44,11288452;269,2479858
41,37199402;-268,941864;-383,2686768;;-41,37199402;268,941864
40,32730865;-268,730957;-383,3580933;;-40,32730865;268,730957
37,10884857;-268,3754272;-383,0583496;;-37,10884857;268,3754272
35,88750458;-268,1618958;-382,9407349;;-35,88750458;268,1618958
34,96994781;-267,9576416;-383,0381165;;-34,96994781;267,9576416
34,12828445;-267,7149353;-383,0751038;;-34,12828445;267,7149353
32,45823288;-267,3417053;-382,9102478;;-32,45823288;267,3417053
29,91513062;-266,969635;-383,0409851;;-29,91513062;266,969635
29,90621948;-266,9719238;-383,0393677;;-29,90621948;266,9719238
25,84433556;-266,6670532;-382,2390137;;-25,84433556;266,6670532
25,38957787;-266,6362915;-382,1911316;;-25,38957787;266,6362915
22,45482063;-266,5113831;-381,7908325;;-22,45482063;266,5113831
20,81310654;-266,1809082;-381,4539795;;-20,81310654;266,1809082
20,38507271;-266,1913147;-381,4528198;;-20,38507271;266,1913147
18,97115517;-266,2353821;-381,3779907;;-18,97115517;266,2353821
16,70169449;-266,6570129;-381,3426819;;-16,70169449;266,6570129
16,33846855;-266,8089294;-381,385498;;-16,33846855;266,8089294
14,35838223;-267,4417114;-381,5300293;;-14,35838223;267,4417114
11,95340157;-268,0907898;-381,6613159;;-11,95340157;268,0907898
10,05479813;-268,4666748;-381,6824341;;-10,05479813;268,4666748
9,168142319;-268,7397766;-381,7940063;;-9,168142319;268,7397766
6,044931412;-268,9660339;-382,1341858;;-6,044931412;268,9660339
4,176902771;-268,9077759;-382,3002319;;-4,176902771;268,9077759
3,489926815;-268,8592224;-382,3869629;;-3,489926815;268,8592224
3,42962575;-268,8551636;-382,3904724;;-3,42962575;268,8551636
1,378547192;-268,9153748;-382,417511;;-1,378547192;268,9153748
-1,513361454;-269,5161438;-381,6218567;;1,513361454;269,5161438
-3,157644987;-270,1499329;-381,552887;;3,157644987;270,1499329
-9,897384644;-270,2922974;-380,4180603;;9,897384644;270,2922974
-10,96683979;-270,2170715;-380,2220459;;10,96683979;270,2170715
-12,15415096;-270,2217102;-380,1056213;;12,15415096;270,2217102
-14,55918312;-269,96698;-379,9711609;;14,55918312;269,96698
-16,56537437;-269,0167236;-380,0424805;;16,56537437;269,0167236
-17,80570412;-268,2425842;-380,2771912;;17,80570412;268,2425842
-20,00980759;-266,6568298;-380,8313904;;20,00980759;266,6568298
-21,91701317;-265,071167;-381,0789185;;21,91701317;265,071167
-23,20645905;-262,9970398;-381,1703491;;23,20645905;262,9970398
-24,14110565;-261,7198181;-381,4094849;;24,14110565;261,7198181
-25,52105713;-258,5030212;-382,4457703;;25,52105713;258,5030212
-25,93273163;-257,2764282;-382,8043518;;25,93273163;257,2764282
-26,98007011;-254,2262115;-384,0725708;;26,98007011;254,2262115
-27,11891174;-253,5934143;-384,3120728;;27,11891174;253,5934143
-27,20378113;-252,7675018;-384,6846619;;27,20378113;252,7675018
-27,1962986;-250,8855133;-385,454895;;27,1962986;250,8855133
-26,74194336;-247,6413574;-386,7538757;;26,74194336;247,6413574
-26,72995377;-247,5099792;-386,789917;;26,72995377;247,5099792
-26,72339821;-247,3053131;-386,8471985;;26,72339821;247,3053131
-26,43627167;-245,8877411;-387,5134277;;26,43627167;245,8877411
-26,23143387;-245,4407349;-387,8205872;;26,23143387;245,4407349
-20,37961388;-240,0899353;-390,7260437;;20,37961388;240,0899353
-20,20454216;-239,9065704;-390,8011169;;20,20454216;239,9065704
-13,77642727;-235,89888;-393,1604919;;13,77642727;235,89888
-12,2278738;-235,2023621;-393,4754639;;12,2278738;235,2023621
-10,92113304;-234,9521637;-393,8695679;;10,92113304;234,9521637
-8,087018013;-233,7398224;-394,4829407;;8,087018013;233,7398224
-7,645383835;-233,6135559;-394,5925598;;7,645383835;233,6135559
-5,418764114;-232,9334717;-395,0917664;;5,418764114;232,9334717
-4,915702343;-232,8033447;-395,1729736;;4,915702343;232,8033447
1,209371805;-230,4252167;-395,0137329;;-1,209371805;230,4252167
1,847259521;-230,0643158;-395,0015564;;-1,847259521;230,0643158
1,929699779;-229,9873352;-394,9750061;;-1,929699779;229,9873352
4,452210903;-227,9842682;-394,473114;;-4,452210903;227,9842682
5,030627251;-227,2644043;-394,3296204;;-5,030627251;227,2644043
7,085463524;-223,7319641;-393,6582336;;-7,085463524;223,7319641
7,376728058;-222,9170227;-393,4685669;;-7,376728058;222,9170227
8,811413765;-218,5724487;-393,2999878;;-8,811413765;218,5724487
9,076771736;-216,6486969;-393,2142029;;-9,076771736;216,6486969
9,087016106;-216,5042725;-393,1868591;;-9,087016106;216,5042725
8,998765945;-215,290863;-393,0086365;;-8,998765945;215,290863
8,975268364;-214,7616882;-392,9421692;;-8,975268364;214,7616882
8,878528595;-214,5142822;-392,9160156;;-8,878528595;214,5142822
8,280434608;-212,0441742;-392,8283386;;-8,280434608;212,0441742
7,893332005;-209,2380371;-392,5087585;;-7,893332005;209,2380371
7,793722153;-208,7385101;-392,4106445;;-7,793722153;208,7385101
6,755040646;-202,7270966;-393,331665;;-6,755040646;202,7270966
6,759339809;-202,7076721;-393,3366699;;-6,759339809;202,7076721
6,794714451;-202,3924103;-393,3934631;;-6,794714451;202,3924103
7,487502575;-195,4349823;-394,0661926;;-7,487502575;195,4349823
7,666707993;-194,2212677;-394,6376343;;-7,666707993;194,2212677
7,755894184;-192,8551331;-395,2540894;;-7,755894184;192,8551331
7,806050777;-192,5272675;-395,4489746;;-7,806050777;192,5272675
7,718025684;-191,9044952;-395,7650757;;-7,718025684;191,9044952
8,61912632;-187,5300751;-397,5894165;;-8,61912632;187,5300751
8,726065636;-186,763443;-397,8057251;;-8,726065636;186,763443
8,952903748;-186,0156403;-398,02948;;-8,952903748;186,0156403
9,136445999;-180,3083954;-400,6724243;;-9,136445999;180,3083954
9,134208679;-179,3761292;-401,2747192;;-9,134208679;179,3761292
9,120247841;-178,4984283;-401,6023254;;-9,120247841;178,4984283
9,127556801;-178,460434;-401,6216125;;-9,127556801;178,460434
9,128508568;-178,4283905;-401,6329956;;-9,128508568;178,4283905
8,820572853;-176,272583;-402,6676941;;-8,820572853;176,272583
8,763758659;-175,3782654;-403,207428;;-8,763758659;175,3782654
8,464666367;-173,5939789;-403,9566345;;-8,464666367;173,5939789
7,884918213;-171,4496002;-405,1958618;;-7,884918213;171,4496002
7,873058796;-170,7836609;-405,6080933;;-7,873058796;170,7836609
7,608986855;-167,6058197;-407,3305359;;-7,608986855;167,6058197
7,617568016;-167,4569244;-407,4146423;;-7,617568016;167,4569244
7,609325886;-167,0551605;-407,7399292;;-7,609325886;167,0551605
6,646538734;-165,1452179;-410,2569275;;-6,646538734;165,1452179
4,646883965;-163,7760925;-415,3558044;;-4,646883965;163,7760925
4,367679119;-163,5814362;-416,1202087;;-4,367679119;163,5814362
4,087692261;-163,4962616;-416,8811646;;-4,087692261;163,4962616
3,79927969;-163,3037415;-417,9404602;;-3,79927969;163,3037415
2,74928093;-162,7259827;-420,3050537;;-2,74928093;162,7259827
1,374262452;-162,5240173;-423,2840881;;-1,374262452;162,5240173
0,982009172;-162,3289642;-424,4504395;;-0,982009172;162,3289642
-6,05779E-05;-162,1525421;-427,5816956;;6,06E-05;162,1525421
-0,146920562;-162,1023407;-428,1489258;;0,146920562;162,1023407
-0,457504213;-162,1648712;-429,4083557;;0,457504213;162,1648712
-1,02978313;-162,2850189;-430,422821;;1,02978313;162,2850189
-1,560558796;-162,2346039;-432,2661438;;1,560558796;162,2346039
-1,657407761;-162,2967377;-432,6010132;;1,657407761;162,2967377
-1,746014714;-162,3688202;-432,9238892;;1,746014714;162,3688202
-1,882438064;-162,6257477;-433,4544678;;1,882438064;162,6257477
-2,478530407;-163,9795074;-434,6112366;;2,478530407;163,9795074
-2,956862211;-165,200592;-435,6838684;;2,956862211;165,200592
-3,046836138;-165,4422913;-435,9321899;;3,046836138;165,4422913
-4,22041893;-168,1177521;-438,4428101;;4,22041893;168,1177521
-4,23039341;-168,2322083;-438,5092773;;4,23039341;168,2322083
-4,693919659;-172,2809601;-439,1731262;;4,693919659;172,2809601
-5,228304386;-178,7121582;-440,8168335;;5,228304386;178,7121582
-5,409950256;-182,3166351;-442,1179199;;5,409950256;182,3166351
-5,74312973;-183,5873413;-442,6878357;;5,74312973;183,5873413
-5,124694347;-185,0097351;-444,382812;;5,124694347;185,0097351
-4,690271854;-185,1481628;-444,6702576;;4,690271854;185,1481628
